{"name":"e87679d4-85e2-4cd6-943a-e86cebe4b3f9","id":"/providers/Microsoft.Flow/flows/e87679d4-85e2-4cd6-943a-e86cebe4b3f9","type":"Microsoft.Flow/flows","properties":{"apiId":"/providers/Microsoft.PowerApps/apis/shared_logicflows","displayName":"Proceso 2: Creación de tarea con \"TODO\"","definition":{"metadata":{"workflowEntityId":null,"processAdvisorMetadata":null,"flowclientsuspensionreason":"None","flowclientsuspensiontime":null,"creator":{"id":"867d6c5e-62b1-452d-adec-2c7de1d687a6","type":"User","tenantId":"ef4a684e-81b5-491c-a98e-c7b31be6c469"},"provisioningMethod":"FromDefinition","failureAlertSubscription":true,"clientLastModifiedTime":"2021-12-17T18:04:51.3197121Z"},"$schema":"https://schema.management.azure.com/providers/Microsoft.Logic/schemas/2016-06-01/workflowdefinition.json#","contentVersion":"1.0.0.0","parameters":{"$connections":{"defaultValue":{},"type":"Object"},"$authentication":{"defaultValue":{},"type":"SecureObject"}},"triggers":{"When_keywords_are_mentioned":{"metadata":{"operationMetadataId":"c7278036-b0fa-4996-8a24-9f932fac26bc"},"type":"OpenApiConnectionWebhook","inputs":{"host":{"apiId":"/providers/Microsoft.PowerApps/apis/shared_teams","connectionName":"shared_teams","operationId":"WebhookKeywordTrigger"},"parameters":{"threadType":"channel","$search":"TODO","requestBody/groupId":"d7135207-c8d5-42bd-8cfb-4212bbce3097","requestBody/channels":["19:DDzk7u6PV0DDZ_iLwHzSv_p4RUa5KJI6wvPq5fHAIo41@thread.tacv2"]},"authentication":"@parameters('$authentication')"}}},"actions":{"Apply_to_each":{"foreach":"@triggerOutputs()?['body/value']","actions":{"Get_message_details":{"runAfter":{},"metadata":{"operationMetadataId":"4ebaa1f7-ee84-45a8-b925-1413973cab55"},"type":"OpenApiConnection","inputs":{"host":{"apiId":"/providers/Microsoft.PowerApps/apis/shared_teams","connectionName":"shared_teams","operationId":"GetMessageDetails"},"parameters":{"messageId":"@items('Apply_to_each')?['messageId']","threadType":"channel","body/recipient/groupId":"@items('Apply_to_each')?['teamId']","body/recipient/channelId":"@items('Apply_to_each')?['channelId']","body/recipient/parentMessageId":"@items('Apply_to_each')?['replyToMessageId']"},"authentication":"@parameters('$authentication')"}},"Condition":{"actions":{"Compose":{"runAfter":{},"metadata":{"operationMetadataId":"e7d9c0bf-5ce5-4e64-9858-8866b6b33eb5"},"type":"Compose","inputs":"@substring(outputs('Get_message_details')?['body/body/plainTextContent'], add(int(outputs('Find_text_position')?['body']),4))"},"Create_a_task":{"runAfter":{"Start_and_wait_for_an_approval":["Succeeded"]},"metadata":{"operationMetadataId":"5d0aa3be-6a24-4d2c-ba2d-f54e7b6c3ea7"},"type":"OpenApiConnection","inputs":{"host":{"apiId":"/providers/Microsoft.PowerApps/apis/shared_planner","connectionName":"shared_planner","operationId":"CreateTask_V4"},"parameters":{"body/groupId":"d7135207-c8d5-42bd-8cfb-4212bbce3097","body/planId":"IYsoOxXAsES5WGbs1oOwQJYAHRFh","body/title":"@outputs('Compose')","body/bucketId":"igL7dMyOb0y8bFSrWH6bRJYANLcI"},"authentication":"@parameters('$authentication')"}},"Reply_with_a_message_in_a_channel":{"runAfter":{"Create_a_task":["Succeeded"]},"metadata":{"operationMetadataId":"3f2edcc4-883e-4041-8b0c-3250597ad145"},"type":"OpenApiConnection","inputs":{"host":{"apiId":"/providers/Microsoft.PowerApps/apis/shared_teams","connectionName":"shared_teams","operationId":"ReplyWithMessageToConversation"},"parameters":{"poster":"Flow bot","location":"Channel","body/parentMessageId":"@items('Apply_to_each')?['replyToMessageId']","body/recipient/groupId":"@items('Apply_to_each')?['teamId']","body/recipient/channelId":"@items('Apply_to_each')?['channelId']","body/messageBody":"<p>Tarea creada<br>\n<a href=\"https://tasks.office.com/Home/Task/@{outputs('Create_a_task')?['body/id']}\">Ver tarea</a>&nbsp;</p>"},"authentication":"@parameters('$authentication')"}},"Send_an_email_notification_(V3)":{"runAfter":{"Reply_with_a_message_in_a_channel":["Succeeded"]},"metadata":{"operationMetadataId":"50a7ba74-1f0d-437f-83f3-4acb96f70c9a"},"type":"OpenApiConnection","inputs":{"host":{"apiId":"/providers/Microsoft.PowerApps/apis/shared_sendmail","connectionName":"shared_sendmail","operationId":"SendEmailV3"},"parameters":{"request/to":"dynamicsoftware4@gmail.com","request/subject":"Tarea aprobada: @{outputs('Create_a_task')?['body/title']}","request/text":"<p>La tarea @{outputs('Create_a_task')?['body/title']}, ha sido aprobada por el jefe de proyecto.</p>"},"authentication":"@parameters('$authentication')"}},"Start_and_wait_for_an_approval":{"runAfter":{"Compose":["Succeeded"]},"metadata":{"operationMetadataId":"78fabde8-1d73-464c-9b79-62614677a9ff"},"type":"OpenApiConnectionWebhook","inputs":{"host":{"apiId":"/providers/Microsoft.PowerApps/apis/shared_approvals","connectionName":"shared_approvals","operationId":"StartAndWaitForAnApproval"},"parameters":{"approvalType":"Basic","WebhookApprovalCreationInput/title":"Aprobación pendiente: @{outputs('Compose')}","WebhookApprovalCreationInput/assignedTo":"joscarcob1@alum.us.es;","WebhookApprovalCreationInput/details":"Creación de tarea pendiente de aprobación","WebhookApprovalCreationInput/itemLink":"@items('Apply_to_each')?['messageId']","WebhookApprovalCreationInput/itemLinkDescription":"Revisar tarea","WebhookApprovalCreationInput/enableNotifications":true,"WebhookApprovalCreationInput/enableReassignment":true},"authentication":"@parameters('$authentication')"}}},"runAfter":{"Find_text_position":["Succeeded"]},"expression":{"greaterOrEquals":["@outputs('Find_text_position')?['body']",0]},"metadata":{"operationMetadataId":"0e2d7807-cc80-4da5-9e78-d01392da3689"},"type":"If"},"Find_text_position":{"runAfter":{"Get_message_details":["Succeeded"]},"metadata":{"operationMetadataId":"2b6e460d-e121-4841-9012-d785d0c6537f"},"type":"Expression","kind":"IndexOf","inputs":{"text":"@toLower(outputs('Get_message_details')?['body/body/plainTextContent'])","searchText":"todo"}}},"runAfter":{},"metadata":{"operationMetadataId":"9dd63df9-6e9a-4a85-b65a-afc76cc67ff6"},"type":"Foreach"}},"outputs":{},"description":"Se crea una tarea cuando se utiliza la cadena \"TODO\" al principio de un mensaje en Teams, si esta es aprobada, se publica en el Planner."},"connectionReferences":{"shared_teams":{"connectionName":"shared-teams-bc9b44e8-feeb-494d-bbf2-59572a066fe6","source":"Embedded","id":"/providers/Microsoft.PowerApps/apis/shared_teams","tier":"NotSpecified"},"shared_planner":{"connectionName":"shared-planner-c287bdb1-3cdc-44af-98f8-709d9b2f5202","source":"Embedded","id":"/providers/Microsoft.PowerApps/apis/shared_planner","tier":"NotSpecified"},"shared_sendmail":{"connectionName":"shared-sendmail-71698d45-b6a7-4903-9509-a08d-96f5a645","source":"Embedded","id":"/providers/Microsoft.PowerApps/apis/shared_sendmail","tier":"NotSpecified"},"shared_approvals":{"connectionName":"shared-approvals-2e24da09-7eba-46cb-bb67-103f-41a47ed5","source":"Embedded","id":"/providers/Microsoft.PowerApps/apis/shared_approvals","tier":"NotSpecified"}},"flowFailureAlertSubscribed":false}}