{"name":"191dc722-661f-4257-a3dd-550c03ecfa61","id":"/providers/Microsoft.Flow/flows/191dc722-661f-4257-a3dd-550c03ecfa61","type":"Microsoft.Flow/flows","properties":{"apiId":"/providers/Microsoft.PowerApps/apis/shared_logicflows","displayName":"Proceso 1: Reubicación de documento","definition":{"metadata":{"workflowEntityId":null,"processAdvisorMetadata":null,"flowclientsuspensionreason":"None","flowclientsuspensiontime":null,"creator":{"id":"867d6c5e-62b1-452d-adec-2c7de1d687a6","type":"User","tenantId":"ef4a684e-81b5-491c-a98e-c7b31be6c469"},"provisioningMethod":"FromDefinition","failureAlertSubscription":true,"clientLastModifiedTime":"2021-12-17T17:43:04.671437Z"},"$schema":"https://schema.management.azure.com/providers/Microsoft.Logic/schemas/2016-06-01/workflowdefinition.json#","contentVersion":"1.0.0.0","parameters":{"$connections":{"defaultValue":{},"type":"Object"},"$authentication":{"defaultValue":{},"type":"SecureObject"}},"triggers":{"When_a_file_is_created_(properties_only)":{"recurrence":{"frequency":"Minute","interval":5},"splitOn":"@triggerOutputs()?['body/value']","metadata":{"operationMetadataId":"943b5ca1-f12f-4521-8cbc-084c85de8ca9"},"type":"OpenApiConnection","inputs":{"host":{"apiId":"/providers/Microsoft.PowerApps/apis/shared_sharepointonline","connectionName":"shared_sharepointonline","operationId":"GetOnNewFileItems"},"parameters":{"dataset":"https://uses0.sharepoint.com/sites/DynamicSoftware2-Subcontratas","table":"e8146b85-c9eb-4b80-8d81-70f123bcb0cd","folderPath":"/Proyectos a verificar"},"authentication":"@parameters('$authentication')"}}},"actions":{"Get_my_profile_(V2)":{"runAfter":{},"metadata":{"operationMetadataId":"73ef1ee2-f2ae-43d3-8c9e-7d089d7b2e30"},"type":"OpenApiConnection","inputs":{"host":{"apiId":"/providers/Microsoft.PowerApps/apis/shared_office365users","connectionName":"shared_office365users","operationId":"MyProfile_V2"},"parameters":{"$select":"Mail"},"authentication":"@parameters('$authentication')"}},"Create_an_approval_(V2)":{"runAfter":{"Get_my_profile_(V2)":["Succeeded"]},"metadata":{"operationMetadataId":"6fb4481d-46cd-47df-aa3e-c805a4a0790b"},"type":"OpenApiConnection","inputs":{"host":{"apiId":"/providers/Microsoft.PowerApps/apis/shared_approvals","connectionName":"shared_approvals","operationId":"CreateAnApproval"},"parameters":{"approvalType":"Basic","ApprovalCreationInput/title":"Revisar archivo: @{triggerOutputs()?['body/{FilenameWithExtension}']}'","ApprovalCreationInput/assignedTo":"joscarcob1@alum.us.es;","ApprovalCreationInput/details":"- **Añadido a:** @{triggerOutputs()?['body/{Path}']}\n- **Creado por:**  @{triggerOutputs()?['body/Author/DisplayName']} <@{triggerOutputs()?['body/Author/Email']}>\n- **Creado a:**  @{triggerOutputs()?['body/Created']}","ApprovalCreationInput/itemLink":"@triggerOutputs()?['body/{Link}']","ApprovalCreationInput/itemLinkDescription":"@triggerOutputs()?['body/{FilenameWithExtension}']"},"authentication":"@parameters('$authentication')"}},"Wait_for_an_approval_(V2)":{"runAfter":{"Create_an_approval_(V2)":["Succeeded"]},"metadata":{"operationMetadataId":"730320db-c3fa-40d4-962d-086ea2e561f3"},"type":"OpenApiConnectionWebhook","inputs":{"host":{"apiId":"/providers/Microsoft.PowerApps/apis/shared_approvals","connectionName":"shared_approvals","operationId":"WaitForAnApproval"},"parameters":{"approvalName":"@outputs('Create_an_approval_(V2)')?['body/name']"},"authentication":"@parameters('$authentication')"}},"Condition":{"actions":{"Apply_to_each_response_to_approve":{"foreach":"@outputs('Wait_for_an_approval_(V2)')?['body/responses']","actions":{"Inform_requestor_of_approval":{"runAfter":{},"metadata":{"operationMetadataId":"f9f68384-4fe7-4b74-849d-707eb5f26ff7"},"type":"OpenApiConnection","inputs":{"host":{"apiId":"/providers/Microsoft.PowerApps/apis/shared_teams","connectionName":"shared_teams","operationId":"PostMessageToConversation"},"parameters":{"poster":"Flow bot","location":"Chat with Flow bot","body/recipient":"@{triggerOutputs()?['body/Author/Email']};","body/messageBody":"@{items('Apply_to_each_response_to_approve')?['responder/displayName']} ha aprobado tu creación de: [@{triggerOutputs()?['body/{FilenameWithExtension}']}](@{triggerOutputs()?['body/{Link}']})\n\nComentarios: @{items('Apply_to_each_response_to_approve')?['comments']}"},"authentication":"@parameters('$authentication')"}}},"runAfter":{},"metadata":{"operationMetadataId":"cbe91e49-ca3c-4b34-b5b0-6236fe15e64d"},"type":"Foreach"},"Move_file":{"runAfter":{"Apply_to_each_response_to_approve":["Succeeded"]},"metadata":{"operationMetadataId":"26bea9b2-3150-47cf-9761-0d999932e64d"},"type":"OpenApiConnection","inputs":{"host":{"apiId":"/providers/Microsoft.PowerApps/apis/shared_sharepointonline","connectionName":"shared_sharepointonline","operationId":"MoveFileAsync"},"parameters":{"dataset":"https://uses0.sharepoint.com/sites/DynamicSoftware2-Subcontratas","parameters/sourceFileId":"@triggerOutputs()?['body/ID']","parameters/destinationDataset":"https://uses0.sharepoint.com/sites/DynamicSoftware2-Subcontratas","parameters/destinationFolderPath":"/Documents/Proyectos aprobados","parameters/nameConflictBehavior":2},"authentication":"@parameters('$authentication')"}}},"runAfter":{"Wait_for_an_approval_(V2)":["Succeeded"]},"else":{"actions":{"Apply_to_each_response_to_reject":{"foreach":"@outputs('Wait_for_an_approval_(V2)')?['body/responses']","actions":{"Inform_requestor_of_rejection":{"runAfter":{},"metadata":{"operationMetadataId":"b79001bb-7fea-4e90-83cf-c3be5f979284"},"type":"OpenApiConnection","inputs":{"host":{"apiId":"/providers/Microsoft.PowerApps/apis/shared_teams","connectionName":"shared_teams","operationId":"PostMessageToConversation"},"parameters":{"poster":"Flow bot","location":"Chat with Flow bot","body/recipient":"@{triggerOutputs()?['body/Author/Email']};","body/messageBody":"@{items('Apply_to_each_response_to_reject')?['responder/displayName']} no aprobó tu archivo: [@{triggerOutputs()?['body/{FilenameWithExtension}']}](@{triggerOutputs()?['body/{Link}']})\n\nComentarios: @{items('Apply_to_each_response_to_reject')?['comments']}"},"authentication":"@parameters('$authentication')"}}},"runAfter":{},"metadata":{"operationMetadataId":"f179699d-c566-45c4-b460-551aca46bfbc"},"type":"Foreach"}}},"expression":{"equals":["@outputs('Wait_for_an_approval_(V2)')?['body/outcome']","Approve"]},"metadata":{"operationMetadataId":"ad37f591-0c8f-4432-89e7-d49af3387993"},"type":"If"}},"outputs":{},"description":"Cuando se sube un documento a la carpeta \"Proyectos a verificar\" en el grupo Subcontrata, se solicita aprobación, si esta es concedida, se mueve el documento a \"Proyectos aprobados\"."},"connectionReferences":{"shared_office365users":{"connectionName":"shared-office365user-1b075eb2-30cf-4588-9427-14a136c4eb9a","source":"Embedded","id":"/providers/Microsoft.PowerApps/apis/shared_office365users","tier":"NotSpecified"},"shared_approvals":{"connectionName":"shared-approvals-2e24da09-7eba-46cb-bb67-103f-41a47ed5","source":"Embedded","id":"/providers/Microsoft.PowerApps/apis/shared_approvals","tier":"NotSpecified"},"shared_teams":{"connectionName":"shared-teams-bc9b44e8-feeb-494d-bbf2-59572a066fe6","source":"Embedded","id":"/providers/Microsoft.PowerApps/apis/shared_teams","tier":"NotSpecified"},"shared_sharepointonline":{"connectionName":"shared-sharepointonl-45dd2ffe-0bf4-4ba0-b8b1-d2a2-b94fc6df","source":"Embedded","id":"/providers/Microsoft.PowerApps/apis/shared_sharepointonline","tier":"NotSpecified"}},"flowFailureAlertSubscribed":false}}