{"name":"191dc722-661f-4257-a3dd-550c03ecfa61","id":"/providers/Microsoft.Flow/flows/191dc722-661f-4257-a3dd-550c03ecfa61","type":"Microsoft.Flow/flows","properties":{"apiId":"/providers/Microsoft.PowerApps/apis/shared_logicflows","displayName":"Proceso 1: Reubicación de documento","definition":{"metadata":{"workflowEntityId":null,"processAdvisorMetadata":null,"flowclientsuspensionreason":"None","flowclientsuspensiontime":null,"creator":{"id":"867d6c5e-62b1-452d-adec-2c7de1d687a6","type":"User","tenantId":"ef4a684e-81b5-491c-a98e-c7b31be6c469"},"provisioningMethod":"FromDefinition","failureAlertSubscription":true,"clientLastModifiedTime":"2022-01-13T16:31:46.2162858Z"},"$schema":"https://schema.management.azure.com/providers/Microsoft.Logic/schemas/2016-06-01/workflowdefinition.json#","contentVersion":"1.0.0.0","parameters":{"$connections":{"defaultValue":{},"type":"Object"},"$authentication":{"defaultValue":{},"type":"SecureObject"}},"triggers":{"Cuando_se_crea_un_archivo_en_una_carpeta":{"recurrence":{"frequency":"Minute","interval":5},"metadata":{"%252fDocumentos%2bcompartidos%252fProyectos%2ba%2bverificar":"/Documentos compartidos/Proyectos a verificar","operationMetadataId":"84c202a9-2b94-4a73-98ad-2705df02bff8"},"type":"OpenApiConnection","inputs":{"host":{"apiId":"/providers/Microsoft.PowerApps/apis/shared_sharepointonline","connectionName":"shared_sharepointonline_1","operationId":"OnNewFile"},"parameters":{"dataset":"https://uses0.sharepoint.com/sites/DynamicSoftwareGrupoSubcontrata","folderId":"%252fDocumentos%2bcompartidos%252fProyectos%2ba%2bverificar","inferContentType":true},"authentication":"@parameters('$authentication')"}}},"actions":{"Condición":{"actions":{"Iniciar_y_esperar_una_aprobación":{"runAfter":{},"metadata":{"operationMetadataId":"bb9a0ebd-2e8c-4c1a-9004-3ba3277dac5e"},"type":"OpenApiConnectionWebhook","inputs":{"host":{"apiId":"/providers/Microsoft.PowerApps/apis/shared_approvals","connectionName":"shared_approvals_1","operationId":"StartAndWaitForAnApproval"},"parameters":{"approvalType":"Basic","WebhookApprovalCreationInput/title":"Se necesita aprobar @{triggerOutputs()?['headers/x-ms-file-name-encoded']}","WebhookApprovalCreationInput/assignedTo":"juahurmas@alum.us.es;","WebhookApprovalCreationInput/details":"Aprobar el nuevo proyecto subido.","WebhookApprovalCreationInput/itemLink":"@triggerOutputs()?['headers/x-ms-file-path-encoded']","WebhookApprovalCreationInput/enableNotifications":true,"WebhookApprovalCreationInput/enableReassignment":true},"authentication":"@parameters('$authentication')"}},"Condición_2":{"actions":{"Mover_el_archivo_2":{"runAfter":{},"metadata":{"operationMetadataId":"489e712d-0c54-44ce-aaa1-5d66a9a4ab2b"},"type":"OpenApiConnection","inputs":{"host":{"apiId":"/providers/Microsoft.PowerApps/apis/shared_sharepointonline","connectionName":"shared_sharepointonline_1","operationId":"MoveFileAsync"},"parameters":{"dataset":"https://uses0.sharepoint.com/sites/DynamicSoftwareGrupoSubcontrata","parameters/sourceFileId":"@triggerOutputs()?['headers/x-ms-file-id']","parameters/destinationDataset":"https://uses0.sharepoint.com/sites/DynamicSoftwareGrupoSubcontrata","parameters/destinationFolderPath":"/Documentos compartidos/Proyectos aprobados","parameters/nameConflictBehavior":2},"authentication":"@parameters('$authentication')"}},"Publicar_mensaje_en_un_chat_o_canal_3":{"runAfter":{"Mover_el_archivo_2":["Succeeded"]},"metadata":{"operationMetadataId":"ce42514f-a99e-4db2-835d-55d8b34e05df"},"type":"OpenApiConnection","inputs":{"host":{"apiId":"/providers/Microsoft.PowerApps/apis/shared_teams","connectionName":"shared_teams_1","operationId":"PostMessageToConversation"},"parameters":{"poster":"Flow bot","location":"Channel","body/recipient/groupId":"d7135207-c8d5-42bd-8cfb-4212bbce3097","body/recipient/channelId":"19:DDzk7u6PV0DDZ_iLwHzSv_p4RUa5KJI6wvPq5fHAIo41@thread.tacv2","body/messageBody":"<p>Nombre del archivo: @{outputs('Mover_el_archivo_2')?['body/Name']}<br>\nLa nueva ubicación del archivo es ahora: @{outputs('Mover_el_archivo_2')?['body/Path']}</p>"},"authentication":"@parameters('$authentication')"}}},"runAfter":{"Iniciar_y_esperar_una_aprobación":["Succeeded"]},"else":{"actions":{"Publicar_mensaje_en_un_chat_o_canal_2":{"runAfter":{},"metadata":{"operationMetadataId":"4bf266d5-c467-46b7-bb31-8b6518719dd6"},"type":"OpenApiConnection","inputs":{"host":{"apiId":"/providers/Microsoft.PowerApps/apis/shared_teams","connectionName":"shared_teams_1","operationId":"PostMessageToConversation"},"parameters":{"poster":"Flow bot","location":"Channel","body/recipient/groupId":"d7135207-c8d5-42bd-8cfb-4212bbce3097","body/recipient/channelId":"19:DDzk7u6PV0DDZ_iLwHzSv_p4RUa5KJI6wvPq5fHAIo41@thread.tacv2","body/messageBody":"<p>El resultado para la aprobación:<br>\n @{outputs('Iniciar_y_esperar_una_aprobación')?['body/title']} <br>\nha sido: @{outputs('Iniciar_y_esperar_una_aprobación')?['body/outcome']}</p>"},"authentication":"@parameters('$authentication')"}}}},"expression":{"equals":["@outputs('Iniciar_y_esperar_una_aprobación')?['body/outcome']","Approve"]},"metadata":{"operationMetadataId":"e50e6141-f134-40e5-89fe-cc19ba3f7ab6"},"type":"If"}},"runAfter":{"Buscar_posición_del_texto":["Succeeded"]},"else":{"actions":{"Publicar_mensaje_en_un_chat_o_canal":{"runAfter":{},"metadata":{"operationMetadataId":"875f1b41-423b-419b-b6fe-05a1e631ba4f"},"type":"OpenApiConnection","inputs":{"host":{"apiId":"/providers/Microsoft.PowerApps/apis/shared_teams","connectionName":"shared_teams_1","operationId":"PostMessageToConversation"},"parameters":{"poster":"Flow bot","location":"Channel","body/recipient/groupId":"d7135207-c8d5-42bd-8cfb-4212bbce3097","body/recipient/channelId":"19:DDzk7u6PV0DDZ_iLwHzSv_p4RUa5KJI6wvPq5fHAIo41@thread.tacv2","body/messageBody":"<p>El archivo no contiene el formato correcto. Por favor, renombre el fichero subido a la carpeta \"Proyectos a aprobar\" en Documentos de Teams con el nombre correcto: debe EMPEZAR por la palabra \"Proyecto\".</p>"},"authentication":"@parameters('$authentication')"}}}},"expression":{"equals":["@body('Buscar_posición_del_texto')",0]},"metadata":{"operationMetadataId":"77a54dde-764e-4db0-bbd6-e7f2c374b4ed"},"type":"If"},"Buscar_posición_del_texto":{"runAfter":{},"metadata":{"operationMetadataId":"fdb0c72c-c647-447d-bb5f-5ce998ff71e3"},"type":"Expression","kind":"IndexOf","inputs":{"text":"@toLower(triggerOutputs()?['body'])","searchText":"proyecto"}}},"outputs":{},"description":"Cuando se sube un documento a la carpeta \"Proyectos a verificar\" en el grupo Subcontrata, se solicita aprobación, si esta es concedida, se mueve el documento a \"Proyectos aprobados\"."},"connectionReferences":{"shared_approvals_1":{"connectionName":"shared-approvals-47e3ebb4-f8d6-45cc-bde2-bfa6-efddf79d","source":"Embedded","id":"/providers/Microsoft.PowerApps/apis/shared_approvals","tier":"NotSpecified"},"shared_sharepointonline_1":{"connectionName":"shared-sharepointonl-53e305a6-0215-44b0-b020-db0e-c96c18db","source":"Embedded","id":"/providers/Microsoft.PowerApps/apis/shared_sharepointonline","tier":"NotSpecified"},"shared_teams_1":{"connectionName":"shared-teams-22880a15-d084-47a9-867c-d6ff-192f5eda","source":"Embedded","id":"/providers/Microsoft.PowerApps/apis/shared_teams","tier":"NotSpecified"}},"flowFailureAlertSubscribed":false}}