{"name":"19f9cc4c-0942-4367-90fe-b294626310b7","id":"/providers/Microsoft.Flow/flows/19f9cc4c-0942-4367-90fe-b294626310b7","type":"Microsoft.Flow/flows","properties":{"apiId":"/providers/Microsoft.PowerApps/apis/shared_logicflows","displayName":"Proceso 3: Aceptación de presupuestos","definition":{"metadata":{"workflowEntityId":null,"processAdvisorMetadata":null,"flowclientsuspensionreason":"None","flowclientsuspensiontime":null,"creator":{"id":"867d6c5e-62b1-452d-adec-2c7de1d687a6","type":"User","tenantId":"ef4a684e-81b5-491c-a98e-c7b31be6c469"},"provisioningMethod":"FromDefinition","failureAlertSubscription":true,"clientLastModifiedTime":"2022-01-13T17:07:38.7881824Z"},"$schema":"https://schema.management.azure.com/providers/Microsoft.Logic/schemas/2016-06-01/workflowdefinition.json#","contentVersion":"1.0.0.0","parameters":{"$connections":{"defaultValue":{},"type":"Object"},"$authentication":{"defaultValue":{},"type":"SecureObject"}},"triggers":{"Cuando_se_crea_un_archivo_en_una_carpeta":{"recurrence":{"frequency":"Minute","interval":5},"metadata":{"%252fDocumentos%2bcompartidos%252fGeneral%252fPresupuestos":"/Documentos compartidos/General/Presupuestos","operationMetadataId":"d06b521a-d82d-4a1b-9803-378932614cf1","flowSystemMetadata":{"swaggerOperationId":"OnNewFile"}},"type":"ApiConnection","inputs":{"host":{"connection":{"name":"@parameters('$connections')['shared_sharepointonline_1']['connectionId']"},"api":{"runtimeUrl":"https://flow-apim-europe-001-northeurope-01.azure-apim.net/apim/sharepointonline"}},"method":"get","path":"/datasets/@{encodeURIComponent(encodeURIComponent('https://uses0.sharepoint.com/sites/DynamicSoftwareRRHH2'))}/triggers/onnewfile","queries":{"folderId":"%252fDocumentos%2bcompartidos%252fGeneral%252fPresupuestos","queryParametersSingleEncoded":true,"inferContentType":true},"authentication":"@parameters('$authentication')"}}},"actions":{"Condition_2":{"actions":{"Start_an_approval":{"runAfter":{},"metadata":{"operationMetadataId":"bc868dba-ec30-4d01-a1cc-fe8e007f3d0d","flowSystemMetadata":{"swaggerOperationId":"approvalSubscribe"}},"type":"ApiConnectionWebhook","inputs":{"host":{"connection":{"name":"@parameters('$connections')['shared_approvals']['connectionId']"},"api":{"runtimeUrl":"https://flow-apim-europe-001-northeurope-01.azure-apim.net/apim/approvals"}},"body":{"NotificationUrl":"@listCallbackUrl()","title":"Approve this document","assignedTo":"juahurmas@alum.us.es","details":"Presupuesto pendiente de aprobación: ","itemLink":"@base64ToString(triggerOutputs()['headers']['x-ms-file-path-encoded'])"},"path":"/basic/$subscriptions","authentication":"@parameters('$authentication')"}},"Condition":{"actions":{"Create_a_task":{"runAfter":{},"metadata":{"operationMetadataId":"7df9df94-840d-429a-8d7d-755b2b76b46d","flowSystemMetadata":{"swaggerOperationId":"CreateTask_V3"}},"type":"ApiConnection","inputs":{"host":{"connection":{"name":"@parameters('$connections')['shared_planner']['connectionId']"},"api":{"runtimeUrl":"https://flow-apim-europe-001-northeurope-01.azure-apim.net/apim/planner"}},"method":"post","body":{"groupId":"91138f64-afb8-4af0-b6dc-27b01f6b99f5","planId":"OFYBinNJq0GB512QiO2j7pYAEAOe","title":"@base64ToString(triggerOutputs()['headers']['x-ms-file-name-encoded'])","bucketId":"AjhXU07mtkOh8sb4YNSaxJYAJmiR"},"headers":{"prefer":" return=representation"},"path":"/v2/v1.0/planner/tasks","authentication":"@parameters('$authentication')"}},"Publicar_mensaje_en_un_chat_o_canal":{"runAfter":{"Create_a_task":["Succeeded"]},"metadata":{"operationMetadataId":"a777547d-92ff-4ca6-b084-495e2fbc1125","flowSystemMetadata":{"swaggerOperationId":"PostMessageToConversation"}},"type":"ApiConnection","inputs":{"host":{"connection":{"name":"@parameters('$connections')['shared_teams_1']['connectionId']"},"api":{"runtimeUrl":"https://flow-apim-europe-001-northeurope-01.azure-apim.net/apim/teams"}},"method":"post","body":{"recipient":{"groupId":"91138f64-afb8-4af0-b6dc-27b01f6b99f5","channelId":"19:PbBbcrnDPwG-yaEcLkJM8C-eKM5QQmHw0zvkoyF5xBg1@thread.tacv2"},"messageBody":"<p>Tarea con nombre: @{body('Create_a_task')?['title']} creada correctamente.</p>"},"path":"/beta/teams/conversation/message/poster/Flow bot/location/@{encodeURIComponent('Channel')}","authentication":"@parameters('$authentication')"}}},"runAfter":{"Start_an_approval":["Succeeded"]},"else":{"actions":{"Terminate":{"runAfter":{},"metadata":{"operationMetadataId":"fa29bd0a-d434-4f08-beeb-a17690f0994a"},"type":"Terminate","inputs":{"runStatus":"Failed","runError":{"message":" ha sido rechazada como nueva tarea."}}}}},"expression":"@equals(body('Start_an_approval')?['response'], 'Approve')","metadata":{"operationMetadataId":"2dc2ee3e-92d9-4767-be40-933721b05dc8"},"type":"If"}},"runAfter":{"Buscar_posición_del_texto":["Succeeded"]},"else":{"actions":{"Post_message_in_a_chat_or_channel":{"runAfter":{},"metadata":{"operationMetadataId":"829ce813-31a4-4d2e-9d70-6942f99efc11","flowSystemMetadata":{"swaggerOperationId":"PostMessageToConversation"}},"type":"ApiConnection","inputs":{"host":{"connection":{"name":"@parameters('$connections')['shared_teams']['connectionId']"},"api":{"runtimeUrl":"https://flow-apim-europe-001-francecentral-01.azure-apim.net/apim/teams"}},"method":"post","body":{"recipient":{"groupId":"91138f64-afb8-4af0-b6dc-27b01f6b99f5","channelId":"19:PbBbcrnDPwG-yaEcLkJM8C-eKM5QQmHw0zvkoyF5xBg1@thread.tacv2"},"messageBody":"<p>El presupuesto: @{base64ToString(triggerOutputs()['headers']['x-ms-file-name-encoded'])} no contiene el formato adecuado.<br>\nEl contenido del archivo debe empezar por la palabra \"Presupuesto\".</p>"},"path":"/beta/teams/conversation/message/poster/Flow bot/location/@{encodeURIComponent('Channel')}","authentication":"@parameters('$authentication')"}}}},"expression":{"equals":["@body('Buscar_posición_del_texto')",0]},"metadata":{"operationMetadataId":"3d7c0f4e-d817-475f-9fd0-0f4cea49c46a"},"type":"If"},"Buscar_posición_del_texto":{"runAfter":{},"metadata":{"operationMetadataId":"2f79383b-abea-4b39-bb01-c054755682bd"},"type":"Expression","kind":"IndexOf","inputs":{"text":"@toLower(triggerBody())","searchText":"presupuesto"}}},"description":"Cuando un archivo es subido a la carpeta \"Presupuestos\", se realiza una verificación, si se aprueba, se crea una tarea en Planner en el apartado \"Contratos\"."},"connectionReferences":{"shared_approvals":{"connectionName":"shared-approvals-2e24da09-7eba-46cb-bb67-103f-41a47ed5","source":"Embedded","id":"/providers/Microsoft.PowerApps/apis/shared_approvals","tier":"NotSpecified"},"shared_planner":{"connectionName":"shared-planner-c287bdb1-3cdc-44af-98f8-709d9b2f5202","source":"Embedded","id":"/providers/Microsoft.PowerApps/apis/shared_planner","tier":"NotSpecified"},"shared_teams_1":{"connectionName":"shared-teams-22880a15-d084-47a9-867c-d6ff-192f5eda","source":"Embedded","id":"/providers/Microsoft.PowerApps/apis/shared_teams","tier":"NotSpecified"},"shared_teams":{"connectionName":"shared-teams-bc9b44e8-feeb-494d-bbf2-59572a066fe6","source":"Embedded","id":"/providers/Microsoft.PowerApps/apis/shared_teams","tier":"NotSpecified"},"shared_sharepointonline_1":{"connectionName":"shared-sharepointonl-ce19887d-76e7-48c1-a283-d54d-c70fec68","source":"Embedded","id":"/providers/Microsoft.PowerApps/apis/shared_sharepointonline","tier":"NotSpecified"}},"flowFailureAlertSubscribed":false}}