{"name":"19f9cc4c-0942-4367-90fe-b294626310b7","id":"/providers/Microsoft.Flow/flows/19f9cc4c-0942-4367-90fe-b294626310b7","type":"Microsoft.Flow/flows","properties":{"apiId":"/providers/Microsoft.PowerApps/apis/shared_logicflows","displayName":"Proceso 3: Aceptación de presupuestos","definition":{"metadata":{"workflowEntityId":null,"processAdvisorMetadata":null,"flowclientsuspensionreason":"None","flowclientsuspensiontime":null,"creator":{"id":"867d6c5e-62b1-452d-adec-2c7de1d687a6","type":"User","tenantId":"ef4a684e-81b5-491c-a98e-c7b31be6c469"},"provisioningMethod":"FromDefinition","failureAlertSubscription":true,"clientLastModifiedTime":"2021-12-17T18:12:09.1245636Z"},"$schema":"https://schema.management.azure.com/providers/Microsoft.Logic/schemas/2016-06-01/workflowdefinition.json#","contentVersion":"1.0.0.0","parameters":{"$connections":{"defaultValue":{},"type":"Object"},"$authentication":{"defaultValue":{},"type":"SecureObject"}},"triggers":{"When_a_file_is_created":{"recurrence":{"frequency":"Minute","interval":5},"metadata":{"operationMetadataId":"3ec2f73f-d4cd-478c-8067-5186b3591552","flowSystemMetadata":{"swaggerOperationId":"OnNewFile"}},"type":"ApiConnection","inputs":{"host":{"connection":{"name":"@parameters('$connections')['shared_sharepointonline']['connectionId']"},"api":{"runtimeUrl":"https://flow-apim-europe-001-francecentral-01.azure-apim.net/apim/sharepointonline"}},"method":"get","path":"/datasets/@{encodeURIComponent(encodeURIComponent('https://uses0.sharepoint.com/sites/DynamicSoftwareRRHH2'))}/triggers/onnewfile","queries":{"folderId":"/Documents/General/Presupuestos"},"authentication":"@parameters('$authentication')"},"conditions":[]}},"actions":{"Condition_2":{"actions":{"Start_an_approval":{"runAfter":{},"metadata":{"operationMetadataId":"bc868dba-ec30-4d01-a1cc-fe8e007f3d0d","flowSystemMetadata":{"swaggerOperationId":"approvalSubscribe"}},"type":"ApiConnectionWebhook","inputs":{"host":{"connection":{"name":"@parameters('$connections')['shared_approvals']['connectionId']"},"api":{"runtimeUrl":"https://flow-apim-europe-001-northeurope-01.azure-apim.net/apim/approvals"}},"body":{"NotificationUrl":"@listCallbackUrl()","title":"Approve this document","assignedTo":"juahurmas@alum.us.es","details":"Presupuesto pendiente de aprobación: @{base64ToString(triggerOutputs()['headers']['x-ms-file-name-encoded'])}","itemLink":"@base64ToString(triggerOutputs()['headers']['x-ms-file-name-encoded'])"},"path":"/basic/$subscriptions","authentication":"@parameters('$authentication')"}},"Condition":{"actions":{"Create_a_task":{"runAfter":{},"metadata":{"operationMetadataId":"7df9df94-840d-429a-8d7d-755b2b76b46d","flowSystemMetadata":{"swaggerOperationId":"CreateTask_V3"}},"type":"ApiConnection","inputs":{"host":{"connection":{"name":"@parameters('$connections')['shared_planner']['connectionId']"},"api":{"runtimeUrl":"https://flow-apim-europe-001-northeurope-01.azure-apim.net/apim/planner"}},"method":"post","body":{"groupId":"91138f64-afb8-4af0-b6dc-27b01f6b99f5","planId":"OFYBinNJq0GB512QiO2j7pYAEAOe","title":"@base64ToString(triggerOutputs()['headers']['x-ms-file-name-encoded'])","bucketId":"AjhXU07mtkOh8sb4YNSaxJYAJmiR"},"headers":{"prefer":" return=representation"},"path":"/v2/v1.0/planner/tasks","authentication":"@parameters('$authentication')"}}},"runAfter":{"Start_an_approval":["Succeeded"]},"else":{"actions":{"Terminate":{"runAfter":{},"metadata":{"operationMetadataId":"fa29bd0a-d434-4f08-beeb-a17690f0994a"},"type":"Terminate","inputs":{"runStatus":"Failed","runError":{"message":"@{base64ToString(triggerOutputs()['headers']['x-ms-file-name-encoded'])} ha sido rechazada como nueva tarea."}}}}},"expression":"@equals(body('Start_an_approval')?['response'], 'Approve')","metadata":{"operationMetadataId":"2dc2ee3e-92d9-4767-be40-933721b05dc8"},"type":"If"}},"runAfter":{},"else":{"actions":{"Post_message_in_a_chat_or_channel":{"runAfter":{},"metadata":{"operationMetadataId":"829ce813-31a4-4d2e-9d70-6942f99efc11","flowSystemMetadata":{"swaggerOperationId":"PostMessageToConversation"}},"type":"ApiConnection","inputs":{"host":{"connection":{"name":"@parameters('$connections')['shared_teams']['connectionId']"},"api":{"runtimeUrl":"https://flow-apim-europe-001-francecentral-01.azure-apim.net/apim/teams"}},"method":"post","body":{"recipient":{"groupId":"91138f64-afb8-4af0-b6dc-27b01f6b99f5","channelId":"19:PbBbcrnDPwG-yaEcLkJM8C-eKM5QQmHw0zvkoyF5xBg1@thread.tacv2"},"messageBody":"<p>El presupuesto: @{base64ToString(triggerOutputs()['headers']['x-ms-file-name-encoded'])} no contiene el nombre adecuado</p>"},"path":"/beta/teams/conversation/message/poster/Flow bot/location/@{encodeURIComponent('Channel')}","authentication":"@parameters('$authentication')"}}}},"expression":{"startsWith":["@triggerOutputs()['headers']['x-ms-file-name-encoded']","Presupuesto"]},"metadata":{"operationMetadataId":"3d7c0f4e-d817-475f-9fd0-0f4cea49c46a"},"type":"If"}},"description":"Cuando un archivo es subido a la carpeta \"Presupuestos\", se realiza una verificación, si se aprueba, se crea una tarea en Planner en el apartado \"Contratos\"."},"connectionReferences":{"shared_approvals":{"connectionName":"shared-approvals-2e24da09-7eba-46cb-bb67-103f-41a47ed5","source":"Embedded","id":"/providers/Microsoft.PowerApps/apis/shared_approvals","tier":"NotSpecified"},"shared_planner":{"connectionName":"shared-planner-c287bdb1-3cdc-44af-98f8-709d9b2f5202","source":"Embedded","id":"/providers/Microsoft.PowerApps/apis/shared_planner","tier":"NotSpecified"},"shared_teams":{"connectionName":"shared-teams-bc9b44e8-feeb-494d-bbf2-59572a066fe6","source":"Embedded","id":"/providers/Microsoft.PowerApps/apis/shared_teams","tier":"NotSpecified"},"shared_sharepointonline":{"connectionName":"shared-sharepointonl-45dd2ffe-0bf4-4ba0-b8b1-d2a2-b94fc6df","source":"Embedded","id":"/providers/Microsoft.PowerApps/apis/shared_sharepointonline","tier":"NotSpecified"}},"flowFailureAlertSubscribed":false}}